Author,Webpage,Mail,Calendar,Browser,Password Manager,Messaging,Notes,Cloud File Storage,To-Do,Code Editor,Terminal,Blogging,Launcher
Martin Gunnarsson,https://www.martingunnarsson.com/posts/apps-2023/,Mail,Calendar,Safari,,,Notes,iCloud Drive,Reminders,,,,
Brandon,https://wand3r.net/2024/01/app-defaults-jan-2024,Mailmate,Noteplan,Safari,Bitwarden,iMessage,Obsidian,iCloud,Noteplan,Vi,Terminal,weblog.lol,N/A
Dave,https://ddanielson.micro.blog/2023/12/27/default-app-list.html,Apple Mail,Calendar.app,Safari,1Password,Messages.app,Apple Notes,iCloud Drive,Paper & Notebook,,,,
Jeff Sheets,https://sheetsj.com/blog/app-defaults/,Spark,Google Calendar,Safari,(blank),Slack,Notes.app,iCloud,Reminders.app,IntelliJ IDEA,(blank),(blank),(blank)
M Ehler,https://mrehler.com/2024/01/02/my-default-apps-of-2023/,Airmail,Fantastical,Safari,1Password,iMessage,Obsidian,iCloud,OmniFocus,,,,Alfred
Brian Sholis,https://www.sholis.com/blog/2024-app-defaults,Google Workspace,Cron,Safari,1Password,Apple Messages,Obsidian,Sync.com,Apple Reminders,Nova,Not yet,Not yet,Alfred 5
Ben Yafai,https://ben.yaf.ai/app-defaults,Outlook,Outlook,Arc (macOS),1Password,iMessage,Notes.app,iCloud,Notes.app,VSCode,Warp (macOS),,Alfred
Stefan Zweifel,https://stefanzweifel.dev/posts/2024/01/02/app-defaults,Fastmail.app,Calendar.app,Safari,1Password,WhatsApp,Obsidian,iCloud Drive,Things 3,iA Writer,,Darkroom,None mentioned
Moeyua,https://blog.moeyua.com/posts/my-defaults-2023/,Apple Mail,Apple Calendar,Arc,1Password,Telegram,Apple Notes,iCloud,Apple Reminders,Visual Studio Code,Hyper,Astro,Raycast
Nicolas Cropp,https://cropp.blog/defaults,,Vivaldi Calendar,Vivaldi,1Password,Discord,Obsidian,Nextcloud,Reminders.app,,,,
Adam Newbold,https://notes.neatnik.net/2024/01/app-defaults,Fastmail,Calendar.app,Safari,1Password,Discord,Obsidian,iCloud & Synology,Obsidian,Nova,Terminal.app,(No application mentioned),(No application mentioned)
Toni Lampela,https://kutomo.com/app-defaults-for-2024/,Apple Mail.app,Apple Calendar.app,Apple Safari,Strongbox,iMessage,Bear,iCloud Drive,Things,BBEdit,Kitty,Self-hosted Ghost,Raycast
voitech,https://voitech.vercel.app/digital-garden/app-defaults/,Gmail,Google Calendar,Arc Browser,Bitwarden,Messenger,Evernote,Google Drive,Apple Reminders,,,Blogspot,Spotlight
eiffair,https://www.eiffair.fr/apps-default-2023/,,Fantastical,Arc browser (MacOS),,,Obsidian,iCloud,Omnifocus,,,,
n3wjack,https://n3wjack.net/2023/12/31/my-default-apps-for-2023/,Gmail,Google Calendar,Firefox (developer edition),KeepassXC & Keepass2Android,Telegram,text files,Google Drive,I keep them in my calendar or inbox,Visual Studio,Windows Terminal,WordPress,Nova Launcher
Chris Finazzo,https://chrisfinazzo.com/2023/12/31/app-defaults/,Mail,iCal,Safari,iCloud Keychain,Messages,Notes,iCloud Drive,Reminders,BBEdit,,,
Kevin C. Tofel,https://myconscious.stream/blog/Default-apps-2023/,Proton Mail,Proton Calendar,Sidekick (desktop),1Password,Messages,,Homelab server running Unraid,,Neovim,Kitty,Wordpress (work),
Matthew Lamont,https://techtea.io/articles/2023/app-defaults/,Thunderbird,Nextcloud Calendar,Firefox / Vivaldi,Bitwarden,Signal / Discord Website,Leuchtturm1917 A5 Hardcover Dotgrid Notebook / Logseq,Nextcloud running on TrueNAS Core,Nextcloud Tasks,VSCodium / Kate,N/A,N/A,N/A
zmknox,https://zmknox.com/2023/12/30/app-defaults-2024,Gmail and Fastmail for iOS,Google Calendar via Apple Calendar app,Arc on Mac,1Password,iMessage,Apple Notes,iCloud Drive,Reminders,VS Code,iTerm 2,Not mentioned,Not mentioned
Zhen,https://wogong.net/blog/2023/12/defaults2023,Gmail Web,Google Calendar,Google Chrome,BitWarden,Telegram,Obsidian,Dropbox,TickTick,,,,
Kristof Zerbe,https://kiko.io/post/App-Defaults-2023/,Gmail,,Google Chrome,,,,,,Visual Studio Code,,,
Rach Smith,https://rachsmith.com/app-defaults/,Spark Mail,Fantastical,Arc,1Password,Slack,Obsidian (Personal),iCloud,Todoist,VSCode,iTerm2,(Not provided),Raycast
Gregory Pittman,https://golfdeltapapa.blog/uses/,Proton,Fantastical,Safari,1Password,Messages (Apple),Apple Notes,iCloud Drive,OmniFocus,,,Micro.blog,Ivory
Bobiko,https://bobiko.blog/2023/12/defaults-apps-2023/,Gmail,Google Calendar,Fifefox,KepassXC,Signal + Matrix + telegram,Obsidian.md,Onedrive + selhofosted NextCloud,Todoist,VScod,,,N/A
Ben Tsai,https://bentsai.pika.page/posts/my-app-defaults,Gmail,Outlook,Arc (macOS),1Password,Apple Messages,Kinopio,,pen and paper,,,,
Phil Stollery,https://stollerys.co.uk/defaults,Mimestream (Mac),BusyCal (Mac),Firefox (Mac),Bitwarden,WhatsApp,Notes.app,iCloud Drive,Due,None,None,None,None
Brendan Thompson,https://brendanthompson.com/uses,Mail,,,1Password,iMessage,Bear,Notion,Things,Nova,iTerm,Sketch,Raycast
Carlo Zottmann,https://zottmann.org/2023/12/17/default-apps.html,Fastmate,Fastmail via Fantastical,Brave,Strongbox,Telegram,Obsidian,Fastmail,Obsidian,VS Code,iTerm,,Raycast
Ehqo,https://ehqo.weblog.lol/2023/12/my-2023-app-defaults,Spark Mail Classic,Fantastical,Firefox,,Discord,Bear,iCloud,Todoist,Visual Studio Code,Tabby,,Raycast
8bit,https://blog.8bit.lol/2023/12/defaults,Wino Mail,Calendar,Chrome,Bitwarden,Discord,Keep,Drive,Tasks,VSCode,,,None
Dillon Mok,https://dillonmok.com/articles/my-default-apps/,Mail.app,,Safari,,Mona for Mastodon,custom Obsidian setup,,Reminders,,,,Alfred
R.J. Faas,https://rjfaas.com/2023/12/27/since-all-the-cool-kids-are-doing-it-heres-a-list-of-my-defaults-apps-for-end-of-year-2023/,Spark,Fantastical,Safari,iCloud Keychain,iMessage,Apple Notes,iCloud Drive,Apple Reminders,,,,
Rob Green,https://robjimgreen.co.uk/app-defaults/,Gmail,Fantastical Calendar,Safari,iCloud KeyChain,iMessage,Apple Notes,Google Drive,Things 3,N/A,N/A,N/A,N/A
Nils,https://nilsschaffer.com/my-app-defaults-2023/,Spark,Fantastical,Arc,iCloud Keychain,Telegram,Craft,iCloud,Things,,,,
Luis Quintanilla,https://www.lqdev.me/feed/app-defaults-2023,Thunderbird,,Firefox,,Element,Emacs,,Microsoft To-Do,Visual Studio Code,,,
Czar,https://text.tchncs.de/czars-blogs/apps-i-use,Gmail,simplecalendar,Fennec f-droid,Bitwarden,Telegram,Joplin,Googledrive,Joplin,Geany,,,Trebuchet
Maarten,https://www.filmvanalledag.nl/?p=9266,Apple Mail,Apple Calendar,Safari,Keepass,Whatsapp,Obsidian,iCloud,Trello,Obsidian,,WordPress,Trello
Bob Monsour,https://www.bobmonsour.com/posts/my-defaults-are-my-faults/,Google Mail,Google Calendar,Chrome,1password,,Obsidian,Dropbox,Obsidian,VS Code,,,
Adrian Izquieta,https://www.izq.fm/2023/12/24/app-defaults-mail.html,Hey,Fantastical,Safari,1Password,Apple Messages,Notion,Google Drive,Omnifocus,,,,
Tim Bueno,https://blog.timbueno.com/2023/11/06/my-app-defaults.html,Apple Mail,Fantastical,Safari,1Password,Apple Messages,Apple Notes,iCloud Drive,Apple Reminders,N/A,N/A,N/A,N/A
Barry Hess,https://bjhess.pika.page/posts/2023-app-defaults,Fastmail,Apple Calendar,Arc,1Password,Apple Messages,Obsidian,iCloud Drive,Todoist,none mentioned,none mentioned,none mentioned,none mentioned
Scott Willsey,https://scottwillsey.com/default-apps-2023/,Fastmail,Apple Calendar,Safari,1Password,Messages,Obsidian,iCloud Drive,Reminders App,Visual Studio Code,Warp,No application specified,No application specified
Jeff Bridgforth,https://jeffbridgforth.com/apps-i-use-2023/,Google,Google Calendar,Firefox,Bitwarden,Slack,Evernote (personal),Not mentioned,Not mentioned,VS Code,Not mentioned,WordPress,Not mentioned
Mark Phillips,https://probably.co.uk/posts/default-applications/,Hey,Fantastical,Safari,,iMessages,Apple Notes,iCloud,Things,Mostly Vim,,,Spotlight
Dana Byerly,https://danabyerly.com/notes/defaults-2023/,Thunderbird,Calendar.app,Firefox,None mentioned,Messages.app,Obsidian and Standard Notes,Dropbox and Proton Drive,Obsidian,VS Code,None mentioned,None mentioned,None mentioned
Steve Ledlow,https://tangiblelife.net/app-defaults,HEY for Domains,Apple Calendar,Arc,1Password for Families,Apple Messages,Apple Notes/iA Writer,iCloud/Dropbox,Apple Reminders,(not specified),(not specified),(not specified),Raycast Pro
Jay Wilson,https://heyjaywilson.com/blog/2023/11/26-default-apps/,Mail.app,Google Calendar,iOS Safari,,Messages,Notion,iCloud Drive,Reminders.app,Xcode,,,
Yilei Yang,https://mangoumbrella.com/post/default-apps-2023,Gmail app,Google Calendar,Safari (iOS),Chrome,WeChat,Apple Notes,Google Drive,Apple Notes,VS Code,iTerm2,In-house Engine and Client,N/A
Roy Tang,https://roytang.net/2023/12/default-apps/,Web,Google Calendar,Firefox (everywhere),Firefox,Messenger (legacy,Google Keep (currently migrating away from),OneDrive (paid),NONE!,VS Code,None mentioned,None mentioned,None mentioned
Justin Vollmer,https://justinvollmer.com/posts/2023/12/my-default-apps-at-the-end-of-2023/,Zoho,Fantastical,Safari,Bitwarden,iMessage,Obsidian,iCloud,Todoist,Sublime Text,Not mentioned,Not mentioned,Alfred
DemoChen,https://demochen.com/posts/20231216/,Apple Mail,Apple Calendar,Arc & Firefox,Bitwarden,Telegram & WeChat,Apple Notes & Craft & Notion,iCloud & OneDrive,Apple Reminders,(no app listed),(no app listed),(no app listed),(no app listed)
Doug Jones,https://doug.pub/2023/12/16/its-defaults-time.html,Fastmail,Google Calendar,Arc,,,Obsidian,iCloud,Todoist,IntelliJ,,,
Aman Mittal,https://amanhimself.dev/blog/default-apps-2023/,Gmail,Apple Calendar and Google Calendar (professionally),Chrome professionally on desktop and iOS,1Password,Slack,Notion professionally,iCloud for some applications to sync between both phone and laptop,Obsidian,VS Code,iTerm,No application mentioned,No application mentioned
Dustin K,https://dustinknopoff.dev/articles/what-i-use-2023/,Apple Mail,Calendar.app,Safari,1Password,iMessage,,iCloud,Apple Reminders,Visual Studio Code,Terminal.app,,Raycast
Jeff Triplett,https://jefftriplett.com/2023/default-apps-2023/,Mimestream,Apple Calendar,Vivaldi,1Password,Apple Messages,Obsidian,iCloud Drive,,Sublime Text,iTerm2,,Alfred 5
Max Sommer,https://maxsommer.de/blog/default-apps-2023/,Spark (Private),Busycal via Setapp (Private),Arc (MacOS),,,Notion & Microsoft Loop (Work),Google Drive,Todoist,VS Code,,Strapi,
Josh Betz,https://josh.blog/2023/12/default-apps-2023,Mail.app,Apple Calendar,Safari,1Password,Messages,Apple Notes,iCloud,Things,vim,,,
Daniele,https://fokewulf.it/2023/12/08/le-mia-app-di-defaults-del-2023/,Apple Mail,Calendars 5,Firefox,1Password,Discord,Notes.app,iCloud Drive,Remainders.app,,Terminal.app,,
Spencer Harston,https://www.spencerharston.com/posts/app-defaults-2023/,Gmail,Google Calendar,Firefox Developer Edition,Bitwarden,Google Messages,Google Keep,Google Drive,Tasks.org (Android),Visual Studio Code,Windows Terminal,(No application specified),(No application specified)
Lyokolux,https://blog.lyokolux.space/posts/2023-11-20-default-apps/,Protonmail,Simple Mobile Tools,Firefox,,,Obsidian,pCloud,Pen & Paper,,,,
Matt,https://canyoudownloadrice.com/software-i-use/,PurelyMail,Apple Calendar,Arc,1Password,Signal,Drafts,iCloud,Apple Reminders,Rider,N/A,N/A,Spotlight
Daniel Demby,https://heliomass.com/posts/117-app-defaults/,Gmail,Fantastical,Safari,1Password,iMessage,Tot,iCloud,Things 3,(blank),(blank),(blank),(blank)
N.A. Ferrell,https://thenewleafjournal.com/my-default-apps-as-of-december-2023/,Thunderbird,N/A,Firefox,KeePassXC,LineageOS Messaging App,Ghostwriter,Filen,N/A,MrCode,Terminator,WordPress,Kiss Launcher
Thomas Gigold,https://gigold.me/blog/defaults,Outlook,Google Calendar,Safari,Bitwarden,Instagram & WhatsApp,Obsidian,iCloud and ownCloud,none,none,none,none,none
Guillermo,https://guillermolatorre.com/aplicaciones-por-defecto-2023/,Hey,Calendario (Apple),Safari,1Password,Telegram,Obsidian,iCloud Drive (Apple),Things,Nova,Ivory,No mention,No mention
ucant,https://gemini.tildeverse.org/?gemini://gemini.ucant.org/gemlog/2023-11-17_defaults.gmi,,,Wobbly Help Section,,,,,,,,,
thrig,https://gemini.tildeverse.org/?gemini://thrig.me/blog/2023/11/17/defaults.gmi,,,Browser,,,,,,,,,
Miguel de Luis Espinosa,https://gemini.tildeverse.org/?gemini://yretek.com/english/gemlog/2023/11/2023-11-17_RE_defaults.gmi,,,Wobbly Help Section,,,,,,,,,
Thalskarth,https://blog.thalskarth.ar/aplicaciones-por-defecto/,Thunderbird,Google Calendar,Firefox,KeepassX,Telegram and Whatsapp,Sublime,Dropbox,Todoist,Sublime,Not mentioned,Not mentioned,Not mentioned
Jorge Sanz,https://jorgesanz.net/posts/2023-11-16-defaults/,Google Mail and Zoho,Google Calendar,Firefox,Bitwarden,Slack,Logseq,Google Drive and my NAS,todo-txt,VS Code,,Not listed,Not listed
eapl.mx,https://text.eapl.mx/services-im-using-in-2023,Gmail,Google Calendar,Firefox,Vaultwarden,Telegram,Telegram,Google Drive,Excel spreadsheets,Notepads (Win),N/A,smol.pub,Niagara
Adrián Perales,https://adrianperales.com/2023/12/aplicaciones-por-defecto-en-2023/,Mail de Apple,Calendario de Apple,Safari,,WhatsApp,Archivos Markdown sincronizados,iCloud Drive,Recordatorios de Apple,,,,
Luigi Mozzillo,https://mozzillo.com/en/2023/12/default-apps-2023/,Apple Mail.app,Apple Calendar.app,Safari (mobile),Bitwarden,WhatsApp,Obsidian,iCloud Drive,Todoist,Obsidian,not mentioned,not mentioned,not mentioned
Nathaniel Daught,https://daught.me/blog/2023-defaults,Mail.app,Fantastical,Safari,1Password,Signal,Notes.app,iCloud Drive,Reminders.app,Nova,NA,NA,NA
Loura,https://heyloura.com/2023/12/07/my-app-defaults.html,HEY,Outlook,Brave,Lastpass,The standard Android app,Tiddlywiki via Tiddlyhost.com,Onedrive,Tiddlywiki via Tiddlyhost.com,Visual Studio Code or Visual Studio,Not mentioned,Micro.blog,
Johannes Ebeling,https://technocidal.com/2023/12/07/app-defaults,Mail.app,Calendar.app,Arc,1Password,Slack,Craft,iCloud Drive,Things,,,,
Stephen Hackett,https://512pixels.net/gear/,Mimestream,Apple's stock Calendar app,Mostly Safari,1Password for Families and Teams,Slack,Apple's Notes app,Dropbox,Todoist,,,WordPress,
Assaf,https://labnotes.org/default-apps-2023/,Shortwave,Fantastical,Arc,1Password,Messages,Notes,iCloud Drive,Things,VS Code,iTerm,(not mentioned),Alfred
Daniel Miller,https://daniel.industries/2023/12/03/default-apps-2023/,Gmail web,Google,Brave,1Password,Google Messages,Logseq,Google Drive,Notion,VS Code,GNOME terminal,Notion,(None mentioned)
Anthony Dumas,https://blog.adm.ink/defaults,Mailo,Outlook (Windows / iOS) / Calendar.app (Mac),Firefox (Windows / Mac) / Orion (iOS),Bitwarden Self Hosted,Facebook Messenger / Discord,Obsidian,iCloud / Backblaze B2 (Long Term Storage),"""Tasks"" Obsidian Plugin",Visual Studio Code / IntelliJ,iTerm (macOS) / Terminal.app (Windows),Ivory (Mastodon),Alfred
Nathan Snelgrove,https://nathansnelgrove.com/2023/12/default-apps-in-2023,Fastmail,Fantastical,Safari,1Password,,Obsidian,iCloud and Dropbox,Omnifocus,Nova,N/A,N/A,Alfred
Nicolas Magand,https://thejollyteapot.com/2023/11/17/third-party-apps-i-like-and-use-—-2023-edition,Apple Mail,N/A,Safari,N/A,WhatsApp,JustPressRecord,Dropbox (Maestral),Things,N/A,N/A,N/A,N/A
Chris Hunsanger,https://hunsanger.com/2023/11/26/app-defaults.html,Mimestream,Calendar.app,Safari,1Password,iMessage,Notes.app,iCloud Drive,Reminders,Nova,N/A,N/A,N/A
Étienne,https://etienne.depar.is/a-ecrit/app-defaults.html,mu4e,Nextcloud Calendar app,Firefox,pass,Signal,Org on Emacs and Orgzly on Android; Nextcloud Notes app,Nextcloud,N/A,Emacs,,Fronde,
Josh Withers,https://joshwithers.blog/2023/12/05/my-app-defaults.html,Mail.app,Google Calendar,Safari,1Password,iMessage,Drafts/Obsidian,Dropbox,Reminders.app,,,,
The Wandering Allison,https://thewanderingallison.github.io/posts/app_defaults_2023/,Gmail,Google Calendar,Chrome,Chrome,Discord,Google Keep,Google Drive,Google Keep,N/A,N/A,Github Pages + Hugo,N/A
Sven Luijten,https://svenluijten.com/posts/default-apps-2023,Mail.app,Calendar.app,Safari,1Password,WhatsApp,Obsidian,iCloud Drive,Things 3,Obsidian,N/A,N/A,Raycast
Matthew Ernisse,https://www.going-flying.com/blog/defaults.html,mutt,Calendar.app,Safari,pass(1),irssi,,No thanks,,vi(1),,,
Tommy Palmer,https://www.tommyp.org/blog/app-defaults,Gmail,Apple Calendar,Arc,Secrets,Slack,iOS Notes and Notion,iCloud,Things,(not mentioned),(not mentioned),(not mentioned),(not mentioned)
Yizun Wang,https://blog.huadeity.com/posts/app-defaults/,Apple Mail,Apple Calendar with iCloud,Safari,,,Obsidian,iCloud,Apple Reminders with iCloud,,,,
Shuo Zhan,https://blog.zzsqwq.cn/posts/default-apps-f2023/,Gmail,Dato,Microsoft Edge,iCloud Keychain,Telegram,Obsidian,iCloud Drive,Reminders.app,JetBrains Series,None provided,HugoApp,HapiGo
Lawrence Li,https://lawrenceli.me/blog/app-defaults-2023,Apple Mail,Apple Calendar,Chrome,iCloud Keychain,WeChat,Apple Notes,iCloud Drive,Apple Reminders,Obsidian,,N/A,N/A
Kunall Banerjee,https://defaults.kimchiii.space/,Gmail,Fantastical 2,Brave,1Password,Signal,(No application listed),Google Drive,(No application listed),(No application listed),(No application listed),(No application listed),(No application listed)
Kyle Ford,https://houseofkyle.com/2023/12/02/default-apps-2023/,Spark,Fantastical,Chrome,1Password,Apple Messages,Notion,Google Drive,Apple Reminders,BBEdit,,,
Sven Luijten,http://svenluijten.com/posts/default-apps-2023,Mail.app,Calendar.app,Safari,1Password,WhatsApp,Obsidian,iCloud Drive,Things 3,,,,Raycast
Paul Robert Lloyd,https://paulrobertlloyd.com/2023/336/a1/default-apps/,macOS Mail,macOS Calendar,Safari,macOS Passwords,Messages (or WhatsApp),macOS Notes,iCloud Drive,macOS Reminders,Visual Studio Code,(not specified),(not specified),(not specified)
Ondrej Sevcik,https://ondrejsevcik.com/blog/my-app-defaults-2023,Fastmail,Fastmail,Firefox,1Password Family,Signal,Notion,iCloud,Todoist,IntelliJ (Work) and VS Code (Personal),[Not provided],[Not provided],[Not provided]
Brandon Pugh,https://www.brandonpugh.com/blog/my-default-apps-of-2023/,Gmail,Google Calendar,Chrome,1Password,Slack,Evernote,Google Drive,Remember the Milk,VS Code,,N/A,N/A
Cam Pegg,https://campegg.com/2023/11/17/a-couple-of.html,Fastmail web (personal)/Outlook (work),Fastmail web (personal)/Outlook (work),Arc,1Password,Messages + Signal + WhatsApp,Notes.app + iA Writer,iCloud (personal)/Box (work),iA writer,Nova,,,
Tim Nahumck,https://nahumck.me/app_defaults_2023/,Mail.app,Calendar.app,Safari,,,Drafts,iCloud,,,,,
Harry Cresswell,https://harrycresswell.com/writing/app-defaults/,Tuta Mail,Tuta Calendar,LibreWolf,Bitwarden,WhatsApp,Obsidian,Sync,Obsidian,Visual Studio Code,Hyper,n/a,n/a
Martin Hähnel,https://blog.martin-haehnel.de/2023/12/01/via-app-defaults.html,Mimestream,Fantastical,Safari,,,Obsidian,Apple iCloud,OmniFocus,VSCode and PHPStorm,,,
Jasper,https://jasper.tandy.is/blogging/default-apps-2023,,Fantastical,Chrome,,iMessage,iA Writer,,,,iTerm 2,,
Chris Glass,https://chrisglass.com/2023/11/28/default-apps/,Apple Mail,Apple Calendar,Safari,Keychain,iMessage,Apple Notes,Dropbox,Apple Reminders,TextBuddy,N/A,N/A,N/A
Ange Chierchia,https://chierchia.fr/blog/2023/12/applications-par-defaut-2023,Apple Mail,Apple Calendar,Chrome,Dashlane,iMessages and Telegram,Apple Notes,iCloud Drive,Apple Reminders,Visual Studio Code,not specified,not specified,not specified
Timothée Goguely,https://timothee.goguely.com/blog/default-apps-2023/,Proton Mail,Proton Calendar,Firefox Developer Edition,1Password,Whatsapp,TextEdit,Dropbox (perso),N/A,Sublime Text,N/A,N/A,N/A
Noah Jacobus,https://noahjacob.us/words/default-apps-2023.html,Mimestream,Fantastical,Safari,1Password,Apple Messages,Apple Notes,Dropbox,Apple Notes,Nova,None mentioned,None mentioned,None mentioned
Jason Heppler,https://social.jasonheppler.org/2023/11/29/default-apps-for.html,Apple Mail,Apple & Google Calendar,Safari,Apple Passwords,Messages,Obsidian,iCloud,Things 3,VSCode,,Micro.blog,
Dominik Höcht,https://ner3y.micro.blog/defaults/,Apple Mail App,iOS calendar,Google Chrome,Bitwarden,WhatsApp,Craft,Google Drive,Todoist,,,,
Chuck Grimmett,https://cagrimmett.com/tech/2023/11/29/default-apps-2023/,Airmail,Google Calendar,Chrome,1Password,Slack,Obsidian,Dropbox,Things,VS Code,iTerm2,,Raycast
Lost In Haste,https://lostinhaste.com/2023/11/29/default-apps-and.html,Mail & Fastmail,Fantastical,Safari,1Password 4,iMessage,Notes,iCloud,Reminders / GoodTask,VS Code,,Micro.blog 5,N/A
ldstephens,https://ldstephens.net/2023/11/29/my-default-apps-2024-version/,Mail,Fantastical,Safari,Bitwarden,Messages,Notes,iCloud,Things 3,Not mentioned,Not mentioned,Not mentioned,Alfred
Jacky Alciné,https://jacky.wtf/default-apps-of-2023,K-9 Mail,Nextcloud Calendar,Firefox,Vaultwarden,Slack,Obsidian,Nextcloud,Nextcloud Tasks,Neovim,,Quill,None
Alex Sirac,https://alexsirac.com/my-default-apps-in-2023/,FastMail,FastMail,Firefox,Bitwarden,Beeper,Obsidian,Nextcloud,Todoist,Obsidian,,WordPress.org,Blank
Tracy Durnell,https://tracydurnell.com/2023/11/28/my-current-default-apps/,Gmail,Google Calendar,Firefox,Bitwarden,Discord,OneNote,OneDrive,Excel (backlog),Notepad++,Not mentioned,WordPress,Not mentioned
Christian Fischer,https://hmbl.blog/defaults/,Postbox on Desktop,Calendar app on Mac & iPhone synced via iCloud,Firefox for use,EnPass (self hosted),Signal,OmniFocus,Synology DS Cloud (running on a server which is standing right in my office),OmniFocus,,,,
Johannes Mirus,https://1ppm.de/2023/11/meine-tools/,Apple Mail,Kalender-App von Apple,Safari,1Password,WhatsApp and iMessage,Apple Notes,Synology,No specific app mentioned,No specific app mentioned,No specific app mentioned,No specific app mentioned,No specific app mentioned
Paolo,https://www.feadin.eu/en/posts/app_defaults/,Mailmate,Fantastical,Safari,,WhatsApp,Obsidian,iCloud Drive,Due,BBEdit,,,Alfred
Jim Mitchell,https://jimmitchell.org/2023/11/21/app-defaults.html,Apple Mail,Fantastical,Safari,1Password,Apple Messages,iA Writer,iCloud,Things,BBEdit,,,Launchbar
Julian Peters,https://jupe.studio/my-defaults-2023,Apple Mail,Apple Calendar,Safari,1Password,Messages,Obsidian,iCloud Drive,Things 3,[not provided],[not provided],[not provided],[not provided]
Alex Carpenter,https://alexcarpenter.me/app-defaults,TypeApp,Fantastical,Chrome/Firefox,1Password,Apple Messages/Signal,Apple Notes,Synology NAS,Apple Reminders,Visual Studio Code,,,
Tyler Sticka,https://tylersticka.com/journal/default-apps-2023/,Gmail,Google Calendar,Arc (on desktop),1Password,Slack and Messages,Obsidian,Google Drive (for work files),Todoist,VS Code,No specific application mentioned,No specific application mentioned,Alfred
Troydp,https://troydp.micro.blog/2023/11/28/my-defaults.html,Mail.app,Calendar,Safari,Bitwarden,Messages,Notes,iCloud,Things,N/A,N/A,N/A,N/A
Matt Langford,https://mattlangford.com/2023/11/28/default-apps-for.html,Apple Mail,Apple & Google Calendar,Safari,Apple Passwords,Messages,Obsidian,Synology,Apple Reminders,Nova,,Micro.blog,
Chris McLeod,https://chrismcleod.dev/blog/default-apps-for-2023/,Apple Mail,Apple Calendar,Edge,1Password,Teams,Obsidian,iCloud,Apple Reminders,VS Code,,Micro.blog,
Baldur Bjarnason,https://notes.baldurbjarnason.com/2023/11/28/default-apps-for.html,Thunderbird,Google Calendar,Firefox,1Password,Messages,,Dropbox,,VS Code,,Micro.blog,
John Payne,https://jpayne.sackheads.blog/2023/11/28/app-defaults-hemispheric.html,Apple Mail,Fantastical,Safari,1Password,Messages,Notes,iCloud,Omnifocus,Textastic,(none mentioned),Micro.blog,
Manton Reece,https://www.manton.org/2023/11/28/default-apps-for.html,Hey,Fantastical,Safari,1Password,Messages,Ulysses,Dropbox,Basecamp,Nova,none,Micro.blog,none
Lewis Dale,https://lewisdale.dev/post/app-defaults/,Apple Mail,Calendar.app,Arc,1Password,WhatsApp,Obsidian,iCloud,Obsidian,(None listed),(None listed),(None listed),(None listed)
TaranakiNeko,https://blog.nekoq.top/blog/my-app-defaults-2023,K-9 Mail,None mentioned,Firefox Nightly,Firefox,Nagram / 64Gram,OneNote,OneDrive,None mentioned,None mentioned,None mentioned,None mentioned,Lawnchair 12.0.0 Alpha 5
Noah Liebman,https://noahliebman.net/2023/11/app-defaults/,Mail.app,Calendar.app/iCloud,Firefox,1Password,iMessage,Bear,iCloud Drive/Backblaze,Things,Nova,(blank),(blank),(blank)
TechTea,https://techtea.io/articles/2023/app-defaults/,Thunderbird,Nextcloud Calendar,Firefox,,,Leuchtturm1917 A5 Hardcover Dotgrid Notebook,Nextcloud running on TrueNAS Core,Nextcloud Tasks,,,,
Yuexun Jiang,https://yuexun.me/my-app-defaults-in-2023,Apple Mail,Apple Calendar,Vivaldi,1Password,Wechat,Apple Notes,iCloud,Apple Notes,Neovim,N/A,BlogIt.io,Raycast
Paul Armstrong,https://paularmstrong.dev/blog/2023/11/27/apps-tools-for-2023/,Apple Mail,Apple Calendar,Arc,1Password,,Notion,NextCloud,Notion,VSCode,,,Alfred
Johan,https://www.johanl.se/2023/11/13/app-defaults.html,Mail.app,Calendar.app,Safari,iCloud Keychain,iMessage,Bear,iCloud Drive,Things,Blank,Blank,Micro.blog,Blank
Marcel Appelman,https://huphtur.nl/2023-default-apps/, Mail, Calendar,Firefox,1Password,Discord, Notes, iCloud Drive, Reminders,,,,
Paweł Grzybek,https://pawelgrzybek.com/my-defaults-2023/,Mail (Apple),Calendar (Apple),Safari,1Password,Messages (Apple),Notes (Apple),iCloud Drive (Apple),Reminders (Apple),Helix (smaller projects),iTerm2,(blank),Raycast
Matt Stein,https://mattstein.com/thoughts/default-apps-2023/,Mail.app,Apple Calendar,Safari,,,Obsidian,iCloud,Obsidian,VS Code,iTerm 2,(blank),Raycast
Marc,https://marcamos.com/journal/default-apps-2023/,Gmail.com / Gmail app,Google Calendar,Chrome,1Password,Slack,Apple Notes,Dropbox,Apple Reminders,VS Code,,N/A,
Wouter Groeneveld,https://brainbaking.com/post/2023/11/app-defaults-in-late-2023/,Apple Mail,Self-hosted Radicale CalDAV/CardDAV,Firefox,KeePassXC,Signal,Primarily fountain pen and paper,None mentioned,None mentioned,Sublime Text,None mentioned,Hugo + RevealJS,None mentioned
David Mead,https://davidjohnmead.com/posts/2023-11-15-app-defaults/,Hey,Calendar.app,Safari,1Password,iMessage,Notesnook,iCloud Drive,Reminders.app,Nova,,,N/A
Luke Harris,https://www.lkhrs.com/blog/2023/defaults/,Apple Mail,Apple Calendar,Safari,1Password,iMessage,Obsidian on macOS; iA Writer on iOS,iCloud Drive,Apple Reminders,Sublime Text,macOS Terminal,N/A,macOS Spotlight
sleepingcat42,https://sleepingcat42.github.io/2023/11/18/my-default-apps/,QQ mail + Wechat,Microsoft Calendar,Chrome,Chrome,WeChat,Vscode,Jianguoyun,Phone Default App,VS Code,,Github Pages + Hexo,None mentioned in the provided text
Kevin Lawver,https://lawver.net/2023/11/app-defaults/,Mimestream,Fantastical,Firefox,1Password,,Apple Notes,Google Drive and iCloud,Apple Reminders,VS Code,,,
Barry Frost,https://barryfrost.com/2023/11/app-defaults-in-late-2023,Mimestream,iCloud Calendar,Safari,1Password,WhatsApp,Reflect,iCloud Drive,Things,,,,
Carl Barenbrug,https://carlbarenbrug.com/app-defaults,Apple Mail,Apple Calendar,Arc (Safari + Firefox for testing),Apple Keychain,Apple Messages + Telegram,iA Writer + Apple Notes,iCloud,iA Writer,Visual Studio Code,,Are.na,None mentioned
Clark,https://minimalune.medium.com/app-defaults-341e5fd5375b,Spark,Apple Calendar,Safari,Apple Keychain,Telegram,Bear,iCloud,Things 3,iA Writer,,iA Writer,Not provided
Pipu,https://pipuwong.com/en/my-default-app-2023,Spark,,Safari,Bitwarden,,Obsidian,Synology Drive,DooTask,Visual Studio Code,FinalShell,,Raycast
Tamas,https://iamdtms.medium.com/re-my-app-defaults-2023-edition-b9311620ecdd,Gmail,Google Calendar,Brave,Bitwarden,Messenger,Google Keep,Google Drive,,Visual Studio Code,,,
Antonio,https://antonio.is/2023/11/26/app-defaults/,Mail.app,Calendar.app,Safari,Dashlane,Whatsapp,Notes.app,Dropbox,Reminders,Atom,,n/a,n/a
Ivo Damjanovic,https://damjanovic.it/2023/11/26/my-defaults.html,Apple Mail,Apple Calendar,Safari,iCloud Keychain,WhatsApp,Markdown and Apple Notes,iCloud,Apple Reminders,(not provided),(not provided),(not provided),(not provided)
Bye,https://byemc.xyz/2023/app-defaults,Fastmail,Apple Calendar,Firefox Developer Edition,1Password,Discord,Notes,iCloud+,Apple Reminders,N/A,N/A,N/A,N/A
Murtuzaali Surti,https://syntackle.live/blog/app-defaults-2023-what-i-use-by-murtuzaali-surti-qhifV/,Gmail,Google Calendar,Chrome,Bitwarden,WhatsApp,Notion,Google Cloud,,VS Code,,,
Rom,https://my.advocrazy.com/2023/11/26/after-reading-maiques.html,Mail.app,Calendar.app,Safari,iCloud Password,Messages.app,Notes.app,iCloud Drive,Reminders.app,,,Micro.blog,
Gunnar,https://gunnar.se/2023/11/26/default-apps.html,Hey.com,macOS Calendar,Google Chrome,1Password,Slack,iA Writer,Dropbox and iCloud Drive,Things,Nova,(No application listed),Micro.blog,
Matt Cool,https://mattcool.tech/posts/default-apps-2023,Gmail,GCal,Firefox,1Pass,Discord,Apple Notes,Google Drive,Keep,VSCode,N/A,N/A,N/A
Chris Coyier,https://chriscoyier.net/2023/11/25/default-apps-2023/,Mimestream,Busycal,Arc,1Password,Discord,Notion (professionally),Dropbox,Things,VS Code,N/A (not listed),N/A (not listed),N/A (not listed)
James Doc,https://jamesdoc.com/blog/2023/defaults-in-2023/,,,,,,,,,,,,
Floh Gro,https://flohgro.com/productivity/app-defaults-2023/,Apple Mail,Fantastical,Safari,1Password,iMessage,Drafts,iCloud Drive,Todoist,N/A,N/A,N/A,N/A
Abhinav,https://arkoinad.com/posts/default_apps_2023.html,Mail app,,Safari,Keychain access,,Apple Notes,Dropbox,Reminders app,VS Code/Emacs/Vim,Terminal.app,,Spotlight
Chris Enns,https://chrisenns.com/2023/11/app-defaults/, Mail.app,Fantastical,Arc,,iMessage, Notes,Dropbox, Reminders,,,,
Kevin Wammer,https://cliophate.wtf/posts/default-apps,Fastmail,Fantastical,Arc (desktop),1Password,Discord,Bear Notes,Apple iCloud,Apple Reminders,Jupyter Notebooks,,,
Amit Gawande,https://www.amitgawande.com/2023/11/21/app-defaults.html,HEY,Google Calendar,Arc,1Password,WhatsApp,Notion,Dropbox,TickTick,Visual Studio Code,,,
Ravi,https://ravi.weblog.lol/2023/11/default-apps,Fastmail,Google Calendar,Firefox (desktop),1Password,,,Google Drive & iCloud Drive,Reminders,,,,
Pedro Cora,https://blog.pcora.eu/2023/11/21/app-defaults.html,Proton,Calendar.app,Safari,1Password,iMessage,Drafts,iCloud,Things,,,,
Vijay Prema,https://vijayprema.com/defaults/,Thunderbird,,Firefox,Bitwarden,Whatsapp,Obsidian,Nextcloud,tasks.org,VSCode,Kitty,Ghost,KISS
rexarski,https://rexarski.com/posts/2023-11-20-app-defaults-2023/,Apple's Mail,Fantastical,Safari,1Password,Telegram,Drafts,Dropbox,Things 3,VSCode,Not mentioned,Hugo,Raycast
Suhas,https://suhas.weblog.lol/defaults,Webmail,Apple Calendar,Safari,Bitwarden,Discord,Apple Notes,FileRun,tweek,,,,
AJ Bourg,https://aj.bourg.family/home-screen-defaults-subscriptions-2023/,Gmail,Calendar,Safari,None mentioned,Slack,Notes,Pocket,Things,None mentioned,None mentioned,DayOne,None mentioned
Ian Dick,https://www.iandick.com/default-apps-2023/,Gmail,Calendar 366,Safari,1Password,iMessage,Notes.app and OneNote (work),iCloud,Todoist,Visual Studio Code,iTerm 2,None mentioned,Raycast
Adam Nowak,https://lubieniebieski.pl/defaults/,Mail.app,Calendar.app,Arc,1Password,iMessage,PKM: Logseq + Drafts + Notes.app,iCloud Drive,Reminders.app,,,,
podiboq,https://podiboq.micro.blog/2023/11/18/120817.html,Apple Mail,Fantastical,Arc,Bitwarden,Signal,Apple Notes + Bear,Dropbox + iCloud,Hobonichi Weeks + Apple Reminders,N/A,N/A,N/A,N/A
Marcel Kapfer,https://mmk2410.org/uses/#software,mu4e,Nextcloud web calendar app,Firefox,KeePassXC,Signal,1Writer,Nextcloud,Orgzly,Emacs and sometimes PhpStorm,vterm,Scribus and LaTeX,None mentioned
Scotty Jackson,https://heyscottyj.com/2023/11/17/my-app-defaults.html,Mail,Calendar,Safari,Keychain/iCloud Passwords,Messages,Notes,iCloud Drive,Reminders,,,,
Jason V,https://www.fromjason.xyz/p/notebook/app-defaults/,Outlook,Outlook,Safari,1 Password,Discord,Notion,iCloud +,iOS Reminders,iA Writer,Not specified,Not specified,Not specified
Patryk Chojecki,https://chojecki.net/posts/Apps2023,Gmail,Apple Calendar,Safari,bitwarden,Signal,Apple Notes,iCloud,Apple Reminders,Visual Studio Code,,,Raycast
Martin Feld,https://loungeruminator.net/2023/11/17/mr-default/,Apple Mail,Calendar,Safari,Safari (iCloud Keychain),Discord,iA Writer,iCloud Drive,Reminders,N/A,N/A,N/A,N/A
Blake Watson,https://blakewatson.com/journal/default-apps-2023/,Mail.app,Fantastical,Arc,1Password,Discord,Bear,Dropbox,Things,Visual Studio Code,iTerm2,,
Nicolas Devenet,https://www.nicolas.pm/note/2023/mes-applications-par-defaut-en-2023,Gmail,Google Agenda,Mozilla Firefox,KeePassXC,Apple Messages,Apple Notes,Nextcloud (auto-hébergé),Apple Rappels,LaTeX,,Shaarli (auto-hébergé),N/A
Xiaofei Ge,https://xiaofei.ge/posts/default-app-2023/, iCloud,Fantastical, Safari, Apple Keychain,WeChat,Obsidian, iCloud Drive,Things,Sublime text,N/A,N/A,Alfred
Jason Fry,https://jasonfry.co.uk/blog/app-defaults/,Apple Mail,Google Calendar,Firefox,Bitwarden,SMS,Obsidian,Filen,Obsidian,Vim,(no clear mention of specific application),(no clear mention of specific application),(no clear mention of specific application)
Nate,https://nate.mecca1.net/posts/2023-11-14_defaults/,Proton Web,Simple Calendar,LibreWolf,Keepass,Matrix,Joplin,IceDrive (web),n/a,,Termux,n/a,n/a
Dan Hill,https://pileoftext.mataroa.blog/blog/default-apps-in-2023/,Mailbox.org,Thunderbird,Firefox,Bitwarden,Signal,Joplin,Nextcloud,,,,,
Jarkko Tervonen,https://jarkko.dev/blog/my-default-apps-at-2023/,Gmail,Google Calendar,Google Chrome,Bitwarden,WhatsApp,Obsidian,Google Drive,Bullet Journal,,,,
Martin Schuhmann,https://martinschuhmann.com/2023/11/13/my-default-apps.html,Fastmail,Fastmail,Safari,Bitwarden,Signal,iA Writer and Apple Notes,iCloud Drive and Microsoft OneDrive,iA Writer,N/A,N/A,N/A,N/A
Kevin,https://itskev.in/2023/11/13/app-defaults.html,Fastmail,Fantastical,Firefox,1Password,Apple Messages,Notes.app,iCloud Drive,Todoist,N/A,N/A,N/A,N/A
Nikola Kotur,https://nikola.kotur.org/my-default-apps-and-services-in-late-2023,Claws Mail,Google Calendar,Firefox,Bitwarden with Vaultwarden,Signal,Nextcloud Notes,Nextcloud,,Sublime Text,,,
Dom Jay,https://dominickjay.com/writing/default-apps/,Gmail,Google Calendar,Arc,Bitwarden,WhatsApp,Notion,Google Drive,Ticktick,Visual Studio Code,,Notion,Not mentioned
Lucas,https://lucas.art/blog/app-defaults/,Apple Mail,Apple Calendar,Safari,Bitwarden,Discord,Apple Notes,iCloud,None,Ulysses,None,None,
Robert P,https://frittiert.es/frittiert-es/2023/11/app-defaults,Gmail,Google Calendar,Firefox,LastPass,WhatsApp,Evernote,Google Drive,Todoist,Visual Studio Code,-,WordPress,-
Bruce Hu 小胡同学,https://yinji.org/5179.html ,Mail Master 网易邮箱大师,Huawei Calendar on Honor 30 Pro,Microsoft Edge,Bitwarden(self-hosted) on my VPS,WeChat,Obsidian,Huawei Cloud on Honor 30 Pro,Huawei Notes on Honor 30 Pro,None,None,WordPress on my VPS,None
Kyle Nichols,https://world.hey.com/kylenichols/my-defaults-0b855cc1,HEY,Apple Calendar,Safari,iCloud KeyChain,iMessage,Apple Notes,iCloud Drive,Apple Reminders,,,,
Mt Front,https://blog.douchi.space/app-defaults/,Bluemail,Google Calendar,Chrome,Chrome,Discord,Notion,Dropbox,TickTick,VS Code,,Github Pages,Google Assistant
Zack Apiratitham,https://vatthikorn.com/2023-default-apps,Spark,Fantastical,Safari,1Password,iMessage,Notion,iCloud Drive,Apple Reminders,Visual Studio Code,iTerm 2,BBEdit,Raycast
soeren,https://gluecko.se/2023/default-apps-2023/,Mail.app,Calendar.App,Safari,Enpass,Signal,Notes.app,Synology Drive,Reminders.app,Blank,Blank,Blank,Blank
Michal Zelazny,https://www.michalzelazny.com/joining-the-party/,Apple Mail,Apple Calendar,Apple Safari,Apple Keychain,Apple Messages,Apple Notes,n/a,Apple Reminders,n/a,Apple Terminal,WordPress,Spotlight
Dhruva Sambrani,https://dhruvasambrani.github.io/blog/2023-11-12_003358,Gmail/institute mail,Selfhosted Radicale,Fennec (android),pass(1),Signal & WhatsApp,Joplin,Syncthing,Joplin with Kanban plugin,VSCodium,,,KISS (Android)
Dan Q,https://danq.me/2023/11/12/lifestack-2023/,Proton Mail,Google Calendar,Firefox,KeePassXC,Slack,Obsidian,ownCloud,Obsidian,Sublime Text,,WordPress,RayCast
polarhive,https://polarhive.net/blog/app-defaults,Thunderbird,Thunderbird/Etar,Firefox,Bitwarden,Telegram,Paper notes,Not specified,Telegram: Saved Messages,nvim,Not specified,Not specified,Not specified
Pratik,https://microblog.pratikmhatre.com/2023/11/12/default-apps.html,Fastmail,Outlook,Arc,1Password,WhatsApp,Drafts,iCloud and Dropbox,Apple Reminders,Stata,Not provided,MarsEdit,Apple Spotlight
V,https://vmac.ch/posts/2023-11-05-app-default/,Apple Mail,Calendar,Safari,1PW,iMessage,Email,Dropbox,Obsidian,,,,
Jason Burk,https://grepjason.sh/2023/duel-of-the-defaults,Mail.app,Fantastical.app,Safari.app,1Password.app,Messages.app,Notes.app,iCloud Drive.app,Reminders.app,,,,
Mike Haynes,https://crashthearcade.com/post/3734/,Apple Mail,Apple Calendar,Safari (personal),1Password,iMessage,Apple Notes,iCloud,Apple Reminders,Nova,,,
Steve Makofsky,https://makoism.com/defaults/,Apple Mail,Apple Calendar,Safari,1Password,Apple Messages and Signal,Apple Notes,iCloud,Things,VSCode,Not mentioned,Not mentioned,Not mentioned
Bodo Tasche,https://bitboxer.de/2023/11/12/default-apps-2023/,Apple Mail,Fantastical,Firefox (Desktop),1Password,,Bear,iCloud,OmniFocus,Visual Studio Code,iTerm2,,Alfred
Ghordano,https://ghordano.com/2023/11/11/default-apps-2023/,,,,,,,,,,,,
Victor Kropp,https://victor.kropp.name/blog/app-defaults/,Mail.app,Google Calendar,Safari (personal) & Google Chrome (work),1Password,Telegram,Apple Notes,Google Drive,Apple Reminders,,,,
Manuel Moreale,https://manuelmoreale.com/app-defaults,Apple Mail,Apple Calendar,Safari,1Password,Apple Messages,iA Writer,iCloud,iA Writer,Sublime Text,Not provided,iA Writer,Not provided
James Kupke,https://www.jameskupke.com/posts/my-default-apps-2023/,Thunderbird,Thunderbird,Firefox,Bitwarden,Signal,Joplin,Syncthing,jtx Board,N/A,N/A,N/A,N/A
TheHolyTachanka,https://theholytachanka.com/posts/default-apps/,Proton webui,,Brave,Bitwarden,Signal,Signal(Notes to self),Proton drive,,VSCodium,,,
Oskar van Rijswijk,https://ovr.today/2023/11/11/app-defaults.html,Apple Mail,Apple Calendar,iOS Safari,iCloud Keychain,WhatsApp,Textastic,iCloud+,Things,Drafts,,n/a,n/a
Frank Meeuwsen,https://frank.micro.blog/2023/11/11/default-apps-of.html,Fastmail,Fastmail,Brave,,,Obsidian,iCloud,Reminders,,iTerm,Drafts,Raycast
MereCivilian,https://merecivilian.com/merecivilians-default-apps-2023/,Google Workspace,Google Calendar,Arc,1Password,Beeper,Notion,Dropbox,Todoist,Not provided,Not provided,Notion,Not provided
Marty Day,https://www.blast-o-rama.com/2023/11/10/hopping-aboard-that-default-apps-2023-train/,Mimestream,Fantastical,Safari,1Password,iMessage,Bear,Google Drive,Things,,,,
面条,https://chi.miantiao.me/post/app-defaults-2023/,Spark,Apple Calendar,Edge,Enpass,Wechat,Apple Notes,iCloud,Apple Reminders,,,,
FuzzyGrim,https://www.fuzzygrim.com/posts/default-apps-2023,Purelymail,Nextcloud Calendar,Firefox,Bitwarden,Signal,Nextcloud Notes,Nextcloud,Nextcloud Tasks,Visual Studio Code,Kitty,(not mentioned),(not mentioned)
Chris Hannah,https://chrishannah.me/2023-app-defaults,Apple Mail,Apple Calendar app,Safari,iCloud and 1Password,iMessage and WhatsApp,Apple Notes or Neovim,iCloud Drive,Things 3,Visual Studio Code,iTerm 2 with ZSH and Oh My ZSH,(no application specified),(no application specified)
Jason Becker,https://json.blog/2023/11/10/default-apps-alright.html,Fastmail,Fantastical,Safari,1Password,,iA Writer,iCloud,Things 3,neovim,iTerm2,MarsEdit,
Another Dayu,https://anotherdayu.com/2023/5452/,Spark,Apple Calendar,Firefox,Enpass,Telegram and Wechat,Obsidian + Obsidian Sync and Drafts,icloud and Nutstore (WebDAV),Things 3,Online Jupter Notebook (Google Colab and Featurize) and Rstudio,(not provided),WordPress with personal VPS,Alfred
alienlebarge,https://alienlebarge.ch/articles/2023/11/my-defaults-apps-end-of/,HEY,Fantastical,Arc,1Password,iMessage,Worflowy,iCloud (photos),Worflowy,Nova,Warp,N/A,Raycast
mb,https://jarunmb.com/2023/11/09/my-2023-default-apps/, Mail, Calendar, Safari,1Password for Families, Messages, Notes, iCloud,Goodtask w/  Reminders,,,,Alfred
Garrett,https://blog.heygarrett.com/2023/11/app-defaults,Apple Mail,Fantastical,Safari,1Password,iMessage,Apple Notes,iCloud Drive,Apple Reminders,Neovim,Wezterm,,
Yinan,https://yinan.me/my-defaults,iCloud and Gmail,Calendar.app (Personal) and Outlook (Work),Safari on iOS,1Password,WeChat,Obsidian and DEVONthink,iCloud Drive (Personal) and Google Drive (Work),OmniFocus,Visual Studio Code,N/A,N/A,N/A
Rebecca Owen,https://beccais.online/2023/11/default-apps-2023/, Mail, Calendar,Safari,1Password,iMessage,Obsidian,iCloud Drive,Things 3,Xcode,iTerm2,Blank,Raycast
Martin Schneider,https://www.dertagundich.de/2023/11/meine-programme,Apple Mail,Apple Kalender,Firefox and Chrome,1Password,Slack,Apple Notizen,iCloud and Dropbox,Apple Erinnerungen,PHPStorm and Visual Studio Code,,[Blank],[Blank]
Wade Urry,https://iwader.co.uk/posts/2023/11/app-defaults/,GMail,iCloud Calendar,Chrome,1Password,Discord,iCloud Notes,Google Drive,iCloud Reminders,,,,
Johnny Noble,https://johnnydecimal.com/20-29-communication/22-blog/22.00.0018-defaults/,Mail.app,Fantastical/iCloud,Safari,1Password,iMessage/Discord,Bear,,Scrap of paper and pencil,VSCode,null,null,null
Juan B. Rodriguez,https://jbrio.net/posts/default-apps-2023/,Mail.app,Calendar.app,orion,bitwarden,WhatsApp,zed,iCloud Drive,togodo,zed,,None,None
benji,https://benji.dog/articles/defaults-2023/,Thunderbird,Simple Calendar,Firefox,Bitwarden,Signal,Obsidian,Syncthing,Note to Self on Signal,None provided,None provided,None provided,None provided
Clayton Errington,https://claytonerrington.com/blog/default-apps/,Thunderbird,iCal,Firefox,Bitwarden,Matrix,Obsidian,NextCloud,Obsidian,,,,
Joel,https://joelchrono.xyz/blog/default-apps-2023/,Disroot.org,Simple Calendar,Firefox,KeepassXC,Signal,Joplin,Syncthing,Signal (Note to Self),N/A,N/A,N/A,N/A
Greg Morris,https://www.gr36.com/2023/11/09/on-defaults.html,(not specified),Apple Calendar,(not specified),(not specified),(not specified),(not specified),(not specified),Todoist,(not specified),(not specified),(not specified),(not specified)
Kush,https://krabf.com/my-app-defaults-2023/,Spark Mail,Cron,Arc,,,Apple Notes,iCloud,Things,VSCode,,,Raycast
Michael Fürstenberg,https://furstenberg.co/defaults/,Mail.app,Fantastical,Safari,1Password,iMessage,Notes.app,iCloud,Reminders,iA Writer,,,
Josh Ginter,https://thenewsprint.co/2023/11/09/my-default-apps-in-2023/,Microsoft Exchange,Fantastical,Arc on Mac,1Password,Messages,Apple Notes,iCloud (personal),Things 3,Ulysses,,,Alfred 5
Dominik Schwind,https://lostfocus.de/2023/11/09/defaults/,the stock Mail app on iOS and Mac,the stock calendar apps,Firefox,1Password,Slack,Drafts and nvAlt,Dropbox and iCloud,Things,(not specified),(not specified),(not specified),(not specified)
Alberto Marinucci,https://alby.xyz/index.php/2023/11/08/le-mie-app-di-default-2023/,Gmail,Google Calendar,Chrome,Bitwarden,,Google Keep,Google Drive,Tasks,,,,
Cedric,https://www.cedricbonhomme.org/2023/11/08/my-default-apps-at-the-end-of-2023/,AlwaysData,Kalendar,Firefox,pass,Matrix,Nextcloud - Notes,Nextcloud,None mentioned,VSCodium,None mentioned,None mentioned,Kickoff
Tim Bornholdt,https://timbornholdt.com/blog/my-default-apps-at-the-end-of-2023,Apple Mail,Fantastical,Safari,1Password,Slack,Apple Notes,Dropbox,Apple Reminders,Visual Studio Code,,,Alfred
Henrique Dias,https://hacdias.com/uses/#software,Native macOS and iOS apps,Native macOS and iOS apps,Chrome on macOS,1Password,,Native macOS and iOS apps,iCloud,,,,,
Robin Opletal,https://robinopletal.com/posts/default-apps-fall-2023,Thunderbird,Thunderbird,Firefox,Bitwarden,,Joplin,Tailscale,Joplin,,,,
Mandaris,https://mandarismoore.com/2023/11/08/defaults-in.html,Mail.app,iCloud/Calendar,Safari,1password,Messages.app,Notes.app,iCloud,Reminders/OmniFocus,,,,
Jack Baty,https://baty.net/posts/2023/11/app-defaults,Apple Mail,BusyCal,Arc,1Password,Apple Messages,Org-mode (Emacs),,Things,Emacs,iTerm,Kirby,Raycast
Camiel Schoonens,https://schoonens.social/2023/11/08/default-apps.html,Outlook,Fantastical Calendar,Safari,1Password,Messages and WhatsApp,Agenda,iCloud Drive,Things,,,(not provided),Alfred
Lee Peterson,https://ljpuk.net/2023/11/08/my-default-apps-at-the-end-of-2023/,Apple Mail,Fantastical,Safari,iCloud Keychain,Messages and Signal,Apple Notes,iCloud,Things 3,(No application listed),(No application listed),(No application listed),(No application listed)
Ankaph,https://ankaph.xyz/posts/app-defaults/,Proton Mail,Proton Calendar,Firefox,Bitwarden,Whatsapp,Logseq,Proton Drive,Logseq,None provided,None provided,Logseq,None provided
Jason Kratz,https://blog.jasonkratz.me/2023/11/08/my-default-apps-2023/,Fastmail,Apple Calendar,Brave,1Password,,Obsidian,Google Drive,Things,Visual Studio Code,iTerm 2,Ulysses,Alfred
Caleb Hearth,https://calebhearth.com/apps-i-use-2023,Fastmail,Fantastical,Safari,iCloud Keychain,,Notion,iCloud,Reminders.app,nvim,Kitty,Not mentioned in the article,Spotlight
Thomas Rigby,https://thomasrigby.com/posts/duel-of-the-defaults-2023/,Fastmail,Fastmail,Firefox,BitWarden,WhatsApp,Obsidian,Drive,Todoist,,,,
82MHz,https://82mhz.net/posts/2023/11/apps-im-using-in-2023/,Thunderbird,Mailbox.org calendar,Firefox,Keepassxc,Signal,Obsidian,Syncthing,,Obsidian,,,
Colin Walker,https://colinwalker.blog/blog/?date=2023-11-08,mail.app,Google Calendar,Arc (Mac),,,/notes page,iCloud,/notes page,,,(b)log-In,Raycast
Niko,https://nikokultalahti.com/posts/my-default-apps-late-2023/,Mail.app,Calendar.app,Safari,1Password,Signal,Notes.app,iCloud,Reminders.app,VSCodium,iTerm 2,Ghost CMS,Raycast
Thord D. Hedengren,https://bored.horse/post/app-defaults-late-2023/,Mail,Calendar,Safari,1Password,iMessage,Notes,Dropbox,Reminders,,,,
Otávio Cordeiro,https://otavio.cc/app-defaults/,Mail.app,Calendar.app,Safari.app,1Password,Messages.app,Notes.app,iCloud Drive,Reminders.app,Vim,Terminal.app,Micro.blog,N/A
Abhinav,https://notes.abhinavsarkar.net/2023/default-apps,GMail,Google Calendar,Firefox,1Password,Telegram,Apple Notes,Google Drive,Google Tasks,Visual Studio Code,iTerm,N/A,Spotlight
Dustin,https://0xdstn.site/thoughts/default-apps-2023/,Gmail,Google Calendar,Firefox,Enpass,Google Messages,Nextcloud Notes,Nextcloud,,vim,,,mLauncher
Jan-Lukas Else,https://jlelse.blog/posts/default-apps-late-2023,Thunderbird,Baïkal,Firefox,Bitwarden,Telegram,Simplenote,OneDrive,Bring!,IntelliJ IDEA,Not specified,Not specified,Not specified
Bryce Wray,https://www.brycewray.com/posts/2023/11/riding-trend-my-defaults/,built-in Mail app,built-in Calendar app,Chromium-based one (Google Chrome,Bitwarden,N/A,Standard Notes,,built-in Calendar app,N/A,N/A,N/A,N/A
Chris ODonnell,https://odonnellweb.com/pelican/default-apps-2023.html,Polaris mail,Group Office,Firefox,Bitwarden,Text messaging,Text files synced with Dropbox,Dropbox,Open task,text editor,(not mentioned),(not mentioned),whatever the Gnome 3 default is
jwb,https://blog.bdw.li/posts/app-defaults/,Mozilla Thunderbird,Tiny Calendar,Mozilla Firefox,1Password,Signal,Notepad++,Nextcloud,Apple Reminders with iCloud2,VSCodium,MobaXterm,Not mentioned,Not mentioned
Maarten van Gompel,https://proycon.anaproy.nl/posts/default-apps/,aerc,todo.txt-more,Firefox,pass,senpai + soju (IRC),neovim,,todo.txt with my own todo.txt-more extension,neovim,,,bemenu
Johan Bleuzen,https://www.johanbleuzen.fr/blog/defaults-apps-2023,Apple Mail,Apple Calendar,Apple Safari,Enpass,Apple Messages,Apple Notes,Apple iCloud,Apple Reminders,Not provided,Not provided,Not provided,Not provided
Yury Molodtsov,https://molodtsov.me/2023/11/my-default-apps/,Gmail,Cron,Arc,1Password,Castro,Craft,iCloud + OneDrive,Things 3,(not specified),(not specified),(not specified),Raycast
humdrum,https://tiv.today/2023/11/defaultapps,Mail.app,Calendar.app,Safari,1Password,Messages.app,OneNote,Files.app,Things,(Blank),(Blank),(Blank),(Blank)
Jonas Brusman,https://jonas.brusman.se/my-default-apps-at-the-end-of-2023/,Migadu,Apple Calendar,Orion,1Password,Signal,Apple Notes,iCloud,Things,Visual Studio Code,iTerm2,Ivory,Raycast
May,https://www.maymeow.com/posts/2023/11/my-app-defaults-2023-edition/,Apple Mail,Samsung Calendar,Chrome,1password,Meta's Messenger,Apple Notes,OneDrive,Samsung Reminder,Visual Studio Code,N/A,N/A,N/A
Konstantin Tutsch,https://konstantintutsch.com/my-app-defaults-because-everyone-is-doing-them/,Thunderbird,Thunderbird,Librewolf,KeePass,WhatsApp,(blank),(blank),Thunderbird,NeoVim,(blank),(blank),(blank)
Paweł Orzech,https://pawel.orzech.me/2023/11/07/my-defaults.html,Mail.app,Calendar,Arc,1Password,Telegram,Obsidian,iCloud,Akiflow,,WebSSH,micro.blog,Raycast
Dmitry Dolzhenko,https://dolzhenko.me/blog/2023/11/default-apps/,Mail.app,Calendar.app,Firefox,1Password,Telegram,Emacs (org-roam),Apple iCloud,Emacs (org-mode),Emacs,iTerm,N/A,N/A
Curt Merrill,https://curtmerrill.com/blog/2023/default-apps/,Mail Client,Fantastical,Safari,1Password,Slack,Bear,iCloud Drive,OmniFocus,N/A,N/A,N/A,N/A
Andy,https://acn.lol/2023/11/07/default-apps,iCloud,iCloud,Safari,Apple Keychain,Discord,Apple Notes,iCloud,Apple Reminders,None listed,None listed,None listed,None listed
Rodrigo Ghedin,https://notes.ghed.in/posts/2023/app-defaults-2023/,Mail.app,Apple Calendar,Safari,,Signal,Simplenote,iCloud,Apple Reminders,,,,
Gregory Hammond,https://gregoryhammond.ca/blog/my-app-defaults-for-november-2023/,Thunderbird,Not mentioned,Librewolf,1Password,Mastodon & LinkedIn,Notepad++,Not mentioned,Zenkit To Do,VSCodium,Not mentioned,Not mentioned,Not mentioned
Paul Stockton,https://pauls.weblog.lol/2024/01/app-defaults,Apple Mail,Fantastical,Arc,1Password,iMessage,Apple Notes,iCloud,Due,N/A,N/A,N/A,N/A
Keenan,https://gkeenan.co/avgb/app-defaults,Apple's Mail.app,Google Calendar,Safari,1Password,iMessage and Discord,Apple's Notes.app,iCloud Drive,Apple's Reminders.app,n/a,n/a,n/a,n/a
Shariq,https://cosmicqbit.dev/default-apps-2023/,Proton,Apple Calendar,Arc (on Mac),Strongbox,Telegram,Crafts,iCloud,Pen & Paper,VSCode,,,Raycast
mitten,https://mitten.lol/2023/11/07/my-default-apps.html,Fastmail,Fantastical,Arc,1Password,Messages,Obsidian,iCloud Drive,Obsidian,VSCode,,Hugo,none mentioned
Topslakr,https://topslakr.com/2023/11/my-default-apps-at-the-end-of-2023/,Apple Mail,Apple Calendar,Firefox,KeePassXC,iMessage,Apple Notes,Nextcloud,Nothing,,,,
Jose Munoz,https://www.josemunozmatos.com/blog/my-app-defaults-2023-edition, Mail, Calendar,Safari, iCloud Keychain, Message, Notes, iCloud Drive,Things,Blank,Blank,Blank,Blank
Kirsty,https://nocto.com/posts/app-defaults-2023,Gmail,Apple Calendar,Arc (desktop),,,Obsidian (desktop),iCloud,Obsidian (desktop),Nova,N/A,N/A,N/A
Alexandra,https://alexink.micro.blog/2023/11/07/my-default-apps.html,Apple Mail,Apple Calendar,Safari,iCloud Keychain,Messages,Apple Notes,iCloud Drive,Reminders,,,,
peroty,https://peroty.micro.blog/2023/11/07/defaults.html,Gmail / Dreamhost mail,Google Calendar,Chrome,1Password for Families,Discord / SMS,Obsidian / Drafts / Apple Notes,Nextcloud,Apple Reminders,VSCodium,,,Alfred
Garrit Franke,https://garrit.xyz/posts/2023-11-07-app-defaults,Thunderbird,Google Calendar,Firefox,Bitwarden,WhatsApp,Pen & Paper,Google Drive,Pen & Paper,,,,
Vincent,https://www.vincentlammens.be/app-defaults.html,Apple's mail client,Apple's calendar app,Safari,Keepass,Discord,Apple's notes.app,My NAS,issues in a git repo,,,,
Ankur Sethi,https://ankursethi.in/posts/default-apps-2023-edition/,Fastmail,Fastmail,,1Password,Telegram,Obsidian,iCloud Drive,Things,Visual Studio Code,iTerm,Not mentioned,Alfred
kOoLiNuS,https://koolinus.wordpress.com/2023/11/07/app-defaults/,Thunderbird,Calendar.app,Firefox,1Password Family,Discord,Notes.app,Dropbox,Reminders.app,Byword,Terminal.app,,
Matt Fantinel,https://fantinel.dev/default-apps-2023,Fastmail,,Arc,1Password,Mastodon and Lemmy,Notion,iCloud,Notion/TickTick,Visual Studio Code,iTerm 2,N/A,Raycast
Numeric Citizen,https://blog.numericcitizen.me/2023/11/06/nsuserdefaults-defaults-nsuserdefaults.html,HEY Mail,Calendar.app + Fantastical.app,Safari,iCloud Keychain,iMessage,Craft + Apple Notes,iCloud,Things 3,,,,
Kev Quirk,https://kevquirk.com/my-default-apps-at-the-end-of-2023,Zoho,Zoho webmail,Safari,Bitwarden,Signal,Apple Notes,iCloud,Apple Reminders,VSCodium,,,Spotlight
Andrea Contino,https://gwtf.it/blog/2023/11/7/le-mie-app-di-default-del-2023,Outlook and Gmail,Fantastical,Chrome,1Password,No application mentioned,Notes app,Google Drive,Tasks,No application mentioned,No application mentioned,No application mentioned,No application mentioned
David H,https://notes.1705.net/posts/default-apps/,Apple Mail,Calendar,Safari,1Password Family,iMessage and Discord,Bear,iCloud,Things (with some shared reminders in Reminders),empty,empty,empty,empty
Austin White,https://austinwhite.org/default-apps,,,,,,,,,,,,
Adam Fortuna,https://adamfortuna.com/apps-i-use-2023,Gmail,Google Calendar,Chrome,1Password,Telegram,Notion,DropBox,Todoist,Visual Studio Code,Terminal (Mac),Notion,Apple Spotlight
Sébastien Etter,https://kleinheld.ch/posts/meine-default-apps/,Mail.app,,Safari,Proton Pass,Telegram,Obsidian,Dropbox,Todoist,,,,
Cory Dransfeldt,https://coryd.dev/posts/2023/default-apps-2023/,ProtonMail,Proton,Safari,1Password,Signal,Bear,iCloud,Todoist,Visual Studio Code,iTerm2,N/A,Alfred
Eric Walker,https://ericmwalk.blog/2023/11/06/application-defaults.html,Apple Mail,Calendar.app,Safari,iCloud KeyChain,iMessage,Apple Notes,iCloud and Google Drive,Reminders,,,,
Matt Birchler,https://birchtree.me/blog/my-default-apps-at-the-end-of-2023/,Gmail,Fantastical,Arc/Safari,1Password,,Obsidian,iCloud,Things 3,Visual Studio Code,Warp,Ghost,Raycast
jomalo,https://jomalo.com/defaults/,Spark,Fantastical,Safari,1Password,iMessage,Apple Notes,iCloud,Reminders,(not provided),(not provided),Micro.blog,(not provided)
Devon Dundee,https://devondundee.com/blog/default-apps,Apple Mail,Apple Calendar,Safari,iCloud Keychain,Messages,Apple Notes,iCloud Drive,Reminders,N/A,N/A,N/A,N/A
Arne,https://arne.me/articles/app-defaults,HEY,Calendar.app,Safari,1Password,,Tot,iCloud Drive,Things,NeoVim,iTerm,,
Michael Burkhardt,https://mihobu.lol/defaults,Fastmail,Fastmail,Firefox,1Password,Messages,Bear,OneDrive and iCloud,Reminders,N/A,N/A,N/A,N/A
tekphloyd,https://tekphloyd.com/defaults,Fastmail,Fastmail,Safari,iCloud Keychain,Messages,Notes,Synology Drive,Things,Visual Studio Code,N/A,N/A,N/A
David,https://www.superdavey.com/2023/11/05/defaults.html,Apple Mail,iCloud,Safari,iCloud,Apple Messages,Apple Notes,iCloud,Things 3,,,,
Andreas,https://andreas-spiegler.de/2023/11/05/app-defaults/,E-Mail,Calendar,Browser,,E-Mail,,,,,,,
Esteban,https://umerez.eu/2023/11/03/defaults.html,,Fantastical,Safari,,,NotePlan,,OmniFocus,,,,
Sylvia,https://sylvia.micro.blog/2023/11/05/my-defaults.html,OnMail,Google Calendar,Firefox,Bitwarden,gChat,Notes app,Sync,pencil to paper,Ulysses,not listed,not listed,not listed
Jarrod Blundy,https://heydingus.net/blog/2023/11/duel-of-the-defaults-jarrod-enters-the-ring,Spark Mail,Fantastical Calendar,Safari,iCloud Keychain,Apple Messages,Drafts,iCloud Drive,Things,,,N/A,N/A
Jeff Perry,https://jeffperry.me/2023/11/16/my-default-apps.html,Gmail / Outlook (work),Apple Calendar,Safari (iOS) Chrome (Desktop),iCloud,Apple Messages,Obsidian,Google Drive and iCloud,Todoist,,,,
Laker Turner,https://laker.tech/p/app-defaults,Fastmail,Calendar.app,Arc (on Mac),1Password,Discord,Obsidian,iCloud,Reminders.app,,,,
fLaMEd,https://flamedfury.com/posts/app-defaults,Mail.app / Fastmail,Calendar.app,Firefox,1Password,iMessage / Signal / Discord,Notes.app,iCloud Drive / Synology Drive,Pen & pad,N/A,N/A,N/A,N/A
Stefan,https://eay.cc/2023/my-app-defaults/,Spark,Fantastical,Safari (iOS),1Password,iMessage,Drafts,iCloud+,Things,,,,
Habib,https://www.chamline.net/default-apps/,Apple Mail,Apple Calendar,Safari on iOS/iPadOS,iCloud Keychain,iMessage,Apple Notes,iCloud Drive/Files app,Apple Reminders,,,,
Qiu,https://mastodon.social/@Qiu/111354288897085324,,,Mastodon web application,,,,,,,,,
Neil Macy,https://www.neilmacy.co.uk/blog/app-defaults,Mail.app,Fantastical,Safari,1Password,WhatsApp,Obsidian,iCloud Drive,Todoist,,,,
Matt,https://matt.routleynet.org/2023/11/04/duel-of-the.html,Apple Mail,Calendar.app,Safari,1Password,,Apple Notes,iCloud,Reminders,,,,
Marco,https://mb.esamecar.net/2023/11/04/app-defaults.html,Mail.app,Calendar,Safari,1Password,iMessage,Obsidian and some stuff left in Notes,iCloud Drive,Reminders (and Things at work),,,,
Andy Carolan,https://www.andycarolan.com/appdefaults,Apple Mail,Apple Calendar,Safari,Apple Passwords,iMessage,Apple Notes,iCloud Drive,Apple Reminders (personal),(not mentioned),(not mentioned),(not mentioned),(not mentioned)
Andrew Canion,https://canion.blog/2023/11/04/duel-of-the.html,Apple Mail,BusyCal,Safari,1Password,Signal,Obsidian,iCloud,OmniFocus,,,,
Zachary,https://alpine.weblog.lol/2023/11/the-defaults,Mail.app,Apple Calendar,Safari,iCloud Keychain,iMessage,Apple Notes,iCloud Drive,Reminders,BBEdit,N/A,N/A,N/A
Leon Mika,https://lmika.org/2023/11/04/defaults.html,Fastmail,Google Calendar,Safari,1Password,Android Messanger,Obsidian,Google Drive,Obsidian/Notion,GoLand,,,
Maique,https://maique.eu/2023/11/03/defaults.html,Fastmail HEY,Fantastical,Safari,1Password,WhatsApp,Drafts,iCloud Drive,Things,,,N/A,
Robb Knight,https://rknight.me/app-defaults/,Mail.app,Fantastical,Safari,1Password,Discord,Notes.app,iCloud Drive,Reminders,Sublime Text,(no application listed),Mastodon,(no application listed)
Gabz,https://gabz.blog/2023/11/my-defaults,iCloud and HEY,Fantastical Calendar,Safari,iCloud KeyChain,iMessage,Notes.app,iCloud Drive,Reminders (personal) and TickTick (Work),Not mentioned,Not mentioned,Not mentioned,Not mentioned
